Intro	Bienvenido a|la Isla de Yoshi	Bem-vindo à|Ilha do Yoshi
1_1	1-1: Haz huevos|y lánzalos	1-1: Faça ovos|e lance-os
1_2	1-2: ¡Cuidado|ahí abajo!	1-2: Cuidado|aí embaixo!
1_3	1-3: La cueva|de roca Chomp	1-3: A caverna|da pedra Chomp
1_4	1-4: El fuerte|de Burt el Tímido	1-4: O forte|de Burt, o Tímido
1_5	1-5: ¡Salta!|Las rosquillas	1-5: Pule!|As rosquinhas
1_6	1-6: Shy Guys|sobre zancos	1-6: Shy Guys|sobre pernas de pau
1_7	1-7: Toca a Fuzzy|¡y te marearás!	1-7: Toque Fuzzy|e fique tonto!
1_8	1-8: El castillo|de Salvo	1-8: O castelo|de Salvo
1_E	Extra 1: Poochy|no es tonto	Extra 1: Poochy|não é bobo
1_S	Secreto 1:|Ejercicio aéreo	Segredo 1:|Exercício no céu
2_1	2-1: Visita a|Koopa y Parakoopa	2-1: Visite|Koopa e Parakoopa
2_2	2-2: Los chicos|del béisbol	2-2: A turma|do beisebol
2_3	2-3: ¿A qué|sabe Gusty?	2-3: Qual é o|sabor de Gusty?
2_4	2-4: El fuerte|del gran Boo	2-4: O forte|do grande Boo
2_5	2-5: Cuidado|con Lakitu	2-5: Cuidado|com Lakitu
2_6	2-6: La cueva|del laberinto	2-6: A caverna|do labirinto
2_7	2-7: El muro|de Lakitu	2-7: O muro|do Lakitu
2_8	2-8: El castillo|del fantasma maceta	2-8: O castelo|do fantasma no vaso
2_E	Extra 2: ¡Pulsa|ese interruptor!	Extra 2: Aperte|esse interruptor!
2_S	Secreto 2:|Misterio del castillo	Segredo 2:|Mistério no castelo
3_1	3-1: ¡Bienvenido|al mundo de monos!	3-1: Bem-vindo|ao mundo dos macacos!
3_2	3-2: El ritmo|de la jungla	3-2: O ritmo|da selva
3_3	3-3: El dominio|de los Nep-Enuts	3-3: O domínio|dos Nep-Enuts
3_4	3-4: El fuerte|del príncipe Froggy	3-4: O forte|do príncipe Froggy
3_5	3-5: Saltando|entre los árboles	3-5: Pulando|entre as árvores
3_6	3-6: La cueva|de Harry el Erizo	3-6: A caverna|de Harry, o Ouriço
3_7	3-7: El lago|favorito de los monos	3-7: O lago|favorito dos macacos
3_8	3-8: El castillo|de Naval Piranha	3-8: O castelo|de Naval Piranha
3_E	Extra 3: Más|locuras de monos	Extra 3: Mais|loucura de macacos
3_S	Secreto 3:|¡A transformarse!	Segredo 3:|Vamos transformar!
4_1	4-1: ¡VAMOS,|VAMOS, MARIO!	4-1: VAMOS,|VAMOS, MARIO!
4_2	4-2: La cueva|de los Lakitus	4-2: A caverna|dos Lakitus
4_3	4-3: ¡No mires|hacia atrás!	4-3: Não olhe|para trás!
4_4	4-4: El fuerte|de Milde	4-4: O forte|de Milde
4_5	4-5: La zona|de roca Chomp	4-5: A zona|da pedra Chomp
4_6	4-6: Un paraíso|a orillas del lago	4-6: Um paraíso|à beira do lago
4_7	4-7: Viaja|como el viento	4-7: Viaje|como o vento
4_8	4-8: El castillo|de Hookbill Koopa	4-8: O castelo|de Hookbill Koopa
4_E	Extra 4:|¿Laberinto imposible?	Extra 4:|Labirinto impossível?
4_S	Secreto 4: Toadies|contra Toadies	Segredo 4: Toadies|contra Toadies
5_1	5-1: ¡VENTISCA!	5-1: NEVASCA!
5_2	5-2: Sube|al telesquí	5-2: Suba|no teleférico
5_3	5-3: Peligro:|¡Hielo adelante!	5-3: Perigo:|Gelo à frente!
5_4	5-4: El fuerte|de Sluggy	5-4: O forte|de Sluggy
5_5	5-5: ¡Vuela|con los Goonies!	5-5: Voe|com os Goonies!
5_6	5-6: Bienvenido|al mundo de nubes	5-6: Bem-vindo|ao mundo das nuvens
5_7	5-7: Plataformas|móviles adelante	5-7: Plataformas|móveis à frente
5_8	5-8: El castillo|de Raphael el Cuervo	5-8: O castelo|de Raphael, o Corvo
5_E	Extra 5:|La venganza de Kamek	Extra 5:|A vingança de Kamek
5_S	Secreto 5:|¡Objetos divertidos!	Segredo 5:|Itens divertidos!
6_1	6-1: ¡Los temibles|Goonies esqueleto!	6-1: Os temíveis|Goonies esqueleto!
6_2	6-2: La cueva|de los bandidos	6-2: A caverna|dos bandidos
6_3	6-3: Cuidado con|los troncos giratorios	6-3: Cuidado com|os troncos giratórios
6_4	6-4: El fuerte de|Tap-Tap Nariz Roja	6-4: O forte de|Tap-Tap Nariz Vermelho
6_5	6-5: La cueva|laaaarguísima	6-5: A caverna|looonga demais
6_6	6-6: El laberinto|subterráneo	6-6: O labirinto|subterrâneo
6_7	6-7: ¡NO|TE DETENGAS!	6-7: NÃO|PARE DE ANDAR!
6_8	6-8: El castillo|del rey Bowser	6-8: O castelo|do rei Bowser
6_E	Extra 6: El gran|reto del castillo	Extra 6: O grande|desafio do castelo
6_S	Secreto 6: Mundo|infinito de Yoshis	Segredo 6: Mundo|infinito de Yoshis
