FlipCards	VOLTEA CARTAS. ¡Gana objetos! Apunta y pulsa A. Obtén los objetos de las cartas que aciertes. Si sale Kamek, ¡pierdes todos! Elige Salir para terminar.	VIRE AS CARTAS. Ganhe itens! Mire e aperte A. Pegue os itens das cartas que acertar. Se sair Kamek, você perde tudo! Escolha Sair para encerrar.
ScratchAndMatch	RASPA Y GANA. ¡Consigue vidas! Raspa 3 casillas. Encuentra a Mario para ganar: 3 Toadies: 0 vidas. 1 Mario: 1 vida. 2 Marios: 2 vidas. 3 Marios: 5 vidas.	RASPE E GANHE. Ganhe vidas! Raspe 3 espaços. Encontre Mario para ganhar: 3 Toadies: 0 vidas. 1 Mario: 1 vida. 2 Marios: 2 vidas. 3 Marios: 5 vidas.
DrawingLots	SORTEO. ¡Gana un objeto! Tienes otra oportunidad. Voltea una carta y recibe el objeto que aparezca.	SORTEIO. Ganhe um item! Você tem outra chance. Vire uma carta e receba o item que aparecer.
MatchCards	BUSCA PAREJAS. ¡Gana objetos! Voltea dos cartas y gana sus objetos si son iguales. Juega hasta fallar dos veces seguidas.	ACHE OS PARES. Ganhe itens! Vire duas cartas e ganhe seus itens se forem iguais. Jogue até errar duas vezes seguidas.
Roulette	RULETA. ¡Gana vidas! Elige cuántos Yoshis apostar con la cruceta. Pulsa A para empezar y A para parar. Las dos ruedas y tu apuesta deciden el premio. No puedes jugar si solo te queda un Yoshi.	ROLETA. Ganhe vidas! Escolha quantos Yoshis apostar com o direcional. Aperte A para iniciar e A para parar. As duas rodas e sua aposta definem o prêmio. Você precisa ter mais de um Yoshi para jogar.
SlotMachine	TRAGAMONEDAS. ¡Gana vidas extra! Pulsa A para detener cada rueda.	CAÇA-NÍQUEIS. Ganhe vidas extras! Aperte A para parar cada roda.
ThrowingBalloons1up	LANZA GLOBOS. Pulsa los botones en el orden indicado para lanzar el globo. ¡El tiempo es limitado! Si te explota, pierdes. Si ganas, recibes una vida.	LANCE BALÕES. Aperte os botões na ordem indicada para lançar o balão. O tempo é limitado! Se ele estourar com você, você perde. Se vencer, ganha uma vida.
ThrowingBalloons2up	LANZA GLOBOS. Pulsa los botones en el orden indicado para lanzar el globo. ¡El tiempo es limitado! Si te explota, pierdes. Si ganas, recibes dos vidas.	LANCE BALÕES. Aperte os botões na ordem indicada para lançar o balão. O tempo é limitado! Se ele estourar com você, você perde. Se vencer, ganha duas vidas.
ThrowingBalloons3up	LANZA GLOBOS. Pulsa los botones en el orden indicado para lanzar el globo. ¡El tiempo es limitado! Si te explota, pierdes. Si ganas, recibes tres vidas.	LANCE BALÕES. Aperte os botões na ordem indicada para lançar o balão. O tempo é limitado! Se ele estourar com você, você perde. Se vencer, ganha três vidas.
GatherCoins	JUNTA MONEDAS. Recoge más monedas que tu rival antes de que el tiempo llegue a 0. Si Yoshi gana, ¡recibirás un objeto útil!	JUNTE MOEDAS. Pegue mais moedas que seu rival antes que o tempo chegue a 0. Se Yoshi vencer, você ganha um item útil!
PoppingBalloons	REVIENTA GLOBOS. Usa el salto bomba para reventarlos. ¡Encuentra el correcto y gana! El premio es una estrella de 10 o de 20 puntos.	ESTOURE BALÕES. Use o salto bomba para estourá-los. Ache o certo e vença! O prêmio é uma estrela de 10 ou de 20 pontos.
SeedSpitting	DUELO DE SEMILLAS. Come una sandía y escupe semillas a tu rival lo más rápido que puedas. ¡Reduce su energía a 0 para ganar! Si Yoshi vence, recibe una sandía.	DUELO DE SEMENTES. Pegue uma melancia e cuspa sementes no rival o mais rápido que puder. Reduza a energia dele a 0 para vencer! Se Yoshi ganhar, recebe uma melancia.
IntroCutscene1	Bienvenido a la Isla de Yoshi, un paraíso donde viven los Yoshis. Todos están inquietos por un bebé que cayó del cielo.	Bem-vindo à Ilha do Yoshi, um paraíso onde vivem os Yoshis. Todos estão agitados por causa de um bebê que caiu do céu.
IntroCutscene2	¡Espera! Parece que el bebé sabe adónde quiere ir... El lazo entre los hermanos les permite saber dónde está el otro. Los Yoshis deciden turnarse para llevarlo a su destino. Así comienza una nueva aventura para los Yoshis y Bebé Mario...	Espere! Parece que o bebê sabe aonde quer ir... A ligação entre os irmãos permite que um saiba onde está o outro. Os Yoshis decidem se revezar para levá-lo até lá. Assim começa uma nova aventura para os Yoshis e Bebê Mario...
IntroLevel	Si Bebé Mario cae de la espalda de Yoshi, empieza la cuenta regresiva. Cuando llegue a 0, ¡los secuaces de Kamek se lo llevarán! Junta estrellas para tener más tiempo. Al recuperar a Bebé Mario, el contador vuelve poco a poco a 10. Para terminar el nivel, entrégalo al siguiente Yoshi.	Se Bebê Mario cair das costas de Yoshi, começa a contagem regressiva. Quando chegar a 0, os capangas de Kamek vão levá-lo! Junte estrelas para ter mais tempo. Ao recuperar Bebê Mario, o contador volta aos poucos até 10. Para concluir a fase, entregue-o ao próximo Yoshi.
1_1_FirstFlower	FLOR ESPECIAL. ¡Junta 5 para ganar una vida! También suman puntos a tu total.	FLOR ESPECIAL. Junte 5 para ganhar uma vida! Elas também somam pontos ao seu total.
1_1_GrabBabyMario	¡Recupera a Bebé Mario! Salta, usa la lengua o lánzale un huevo. Si el tiempo llega a 0, ¡los secuaces de Kamek se lo llevarán!	Recupere Bebê Mario! Pule, use a língua ou lance um ovo nele. Se o tempo chegar a 0, os capangas de Kamek vão levá-lo!
1_2_FirstMiddleRing	Este es el anillo intermedio del nivel. Puedes continuar desde aquí.	Este é o anel do meio da fase. Você pode continuar daqui.
1_C_3	SALTO ALETEO. Mantén A pulsado para flotar un momento en el aire. ¡Haz un esfuerzo extra!	SALTO FLUTUANTE. Segure A para flutuar por um instante no ar. Faça um esforço extra!
1_1_0	CÓMO HACER HUEVOS. Atrapa a un enemigo con B. Luego pulsa abajo en la cruceta para hacer un huevo. ¡Ahora lánzalo pulsando R!	COMO FAZER OVOS. Pegue um inimigo com B. Depois aperte para baixo no direcional para fazer um ovo. Agora lance o ovo apertando R!
1_1_1_Patient	LANZA HUEVOS. Pulsa R una vez para mover la mira. Pulsa R otra vez para lanzar. Golpea las nubes con un signo de interrogación con un huevo: ¡te espera una sorpresa! Para cancelar, pulsa abajo en la cruceta.	LANCE OVOS. Aperte R uma vez para mover a mira. Aperte R de novo para lançar. Acerte as nuvens com ponto de interrogação com um ovo: há uma surpresa! Para cancelar, aperte para baixo no direcional.
1_1_1_Hasty	LANZA HUEVOS. Mantén R pulsado para mover la mira. Suelta R para lanzar. Golpea las nubes con un signo de interrogación con un huevo: ¡te espera una sorpresa! Para cancelar, pulsa abajo en la cruceta.	LANCE OVOS. Segure R para mover a mira. Solte R para lançar. Acerte as nuvens com ponto de interrogação com um ovo: há uma surpresa! Para cancelar, aperte para baixo no direcional.
1_1_2	En cada nivel hay 20 monedas rojas ocultas entre las amarillas. Cada una suma un punto a tu total.	Em cada fase há 20 moedas vermelhas escondidas entre as amarelas. Cada uma soma um ponto ao seu total.
1_1_3	Una roca Chomp es muy útil. Empújala para que ruede y aplaste enemigos. Si se atasca, párate en un borde para moverla otra vez.	Uma pedra Chomp é muito útil. Empurre-a para rolar e esmagar inimigos. Se ela ficar presa, fique em uma das pontas para movê-la de novo.
1_2_0	Pulsa SELECT para ver tus puntos. Para usar un objeto, elígelo con izquierda o derecha en la cruceta y pulsa A. Para salir, pulsa B.	Aperte SELECT para ver seus pontos. Para usar um item, escolha com esquerda ou direita no direcional e aperte A. Para sair, aperte B.
1_2_1	Toca la burbuja del helicóptero para transformarte. Llega al bloque de Yoshi antes de que se acabe el tiempo y Bebé Mario volverá contigo.	Toque a bolha do helicóptero para se transformar. Chegue ao bloco do Yoshi antes que o tempo acabe e Bebê Mario voltará até você.
1_2_2	¿Lo recuerdas? Pulsa B y luego abajo en la cruceta para hacer un huevo. Pulsa R para lanzarlo.	Lembra? Aperte B e depois para baixo no direcional para fazer um ovo. Aperte R para lançá-lo.
1_3_0	SALTO BOMBA. Pulsa abajo en la cruceta mientras estás en el aire para golpear el suelo. ¡Este movimiento tiene muchos usos!	SALTO BOMBA. Aperte para baixo no direcional enquanto estiver no ar para golpear o chão. Esse movimento tem muitas utilidades!
1_3_2	En este nivel hay plataformas rosquilla peligrosas. Caen poco después de que te pares encima. ¡No te quedes quieto!	Nesta fase há plataformas rosquinha perigosas. Elas caem pouco depois de você pisar nelas. Não fique parado!
1_5_2	Los huevos amarillos dan monedas. Los rojos dan 2 estrellas. ¿Y los brillantes? Golpea a un enemigo para conseguir estos premios.	Ovos amarelos dão moedas. Os vermelhos dão 2 estrelas. E os brilhantes? Acerte um inimigo para ganhar esses prêmios.
1_6_1	Conviértete en tanque topo. ¡Excava sin parar y encuentra 2 monedas rojas!	Vire um tanque toupeira. Cave sem parar e ache 2 moedas vermelhas!
1_6_2	Pisa el interruptor con el signo de admiración. ¡Quizá aparezca una entrada secreta cerca!	Pise no interruptor com ponto de exclamação. Talvez apareça uma entrada secreta por perto!
1_8_0	ALTO SECRETO. ¡No se lo digas a nadie! Apunta a la esquina superior derecha.	ULTRASSECRETO. Não conte a ninguém! Mire no canto superior direito.
1_8_1	Lanza un huevo al bloque de la derecha. ¡Algunas plataformas girarán!	Lance um ovo no bloco à direita. Algumas plataformas vão virar!
2_1_0	¡Toca una superestrella para convertirte en Mario Estrella! Mantén izquierda o derecha para correr por paredes y techos. Mantén A para flotar y B para correr rápido.	Toque uma superestrela para virar Mario Estrela! Segure esquerda ou direita para correr nas paredes e no teto. Segure A para flutuar e B para disparar.
2_1_2	Este perrito se llama Poochy. ¿No es adorable? ¡Súbete! Corre hacia donde mire Yoshi.	Este cachorrinho é o Poochy. Fofo, né? Suba nele! Ele corre para o lado que Yoshi estiver olhando.
2_1_3	Golpea la flecha con un huevo. Saldrá volando hacia donde señale en ese momento.	Acerte a seta com um ovo. Ela vai voar na direção para a qual estiver apontando.
2_2_1	¡Toca una superestrella y conviértete en Mario Estrella! Corre con B, flota en el aire y sube por las paredes. ¡Eres invencible!	Toque uma superestrela e vire Mario Estrela! Corra com B, flutue no ar e suba pelas paredes. Você fica invencível!
2_2_2	AVISO. Solo alguien pequeño puede seguir desde aquí.	AVISO. Só alguém pequeno pode seguir daqui.
2_2_3	Lanza un enemigo o un huevo al tulipán para recibir estrellas o monedas. Es más fácil lanzar al enemigo hacia arriba: mantén arriba en la cruceta y pulsa B.	Lance um inimigo ou um ovo na tulipa para ganhar estrelas ou moedas. É mais fácil lançar o inimigo para cima: segure para cima no direcional e aperte B.
2_3_0	Come una sandía verde y pulsa B para escupir semillas.	Pegue uma melancia verde e aperte B para cuspir sementes.
2_3_1	Puedes destruir estas paredes lanzándoles huevos.	Você pode destruir estas paredes lançando ovos nelas.
2_3_3	Conviértete en tanque topo y excava por la pared de tierra.	Vire um tanque toupeira e cave pela parede de terra.
2_5_0	¡El tren puede ir por las vías dibujadas en las paredes! Acelera con B para esquivar enemigos.	O trem pode andar nos trilhos desenhados nas paredes! Acelere com B para desviar dos inimigos.
2_5_2	¡Conducir bien es fácil! Usa B para esquivar a los enemigos.	Dirigir bem é fácil! Use B para desviar dos inimigos.
2_7_2	¡No toques las espinas o perderás una vida! Puedes destruirlas con huevos.	Não toque nos espinhos ou perderá uma vida! Você pode destruí-los com ovos.
2_8_1	Al apuntar un huevo, pulsa L para detener la mira. Así puedes lanzar con más precisión.	Ao mirar um ovo, aperte L para parar a mira. Assim você pode lançar com mais precisão.
2_8_2	¿Qué te parece el juego? Hay secretos en cada nivel. Si quieres 100 puntos, ¡busca por todas partes! Revisa todo lo que parezca sospechoso.	Está gostando do jogo? Há segredos em cada fase. Se quiser 100 pontos, procure por toda parte! Investigue tudo que parecer suspeito.
3_2_2	Lanza un huevo a la flecha y... ¡sorpresa! Así podrás recoger las monedas de abajo.	Lance um ovo na seta e... surpresa! Assim você pode pegar as moedas que estão embaixo.
3_8_2	Puedes recoger estas monedas tú mismo, pero prueba con un huevo. ¡Rebotará sobre el agua y las recogerá!	Você pode pegar estas moedas sozinho, mas experimente usar um ovo. Ele vai quicar na água e pegá-las!
3_8_1	Escucha el consejo y no lo olvides: elige el momento, apunta bien, calcula el ángulo... ¡y vencerás también!	Escute o conselho e não vá esquecer: escolha a hora, mire direito, calcule o ângulo... para vencer!
3_8_3	Cuando Yoshi empiece a caer tras aletear, pulsa A otra vez para seguir flotando. Usa esta técnica y la lupa para conseguir las 5 monedas rojas.	Quando Yoshi começar a cair após flutuar, aperte A de novo para flutuar mais. Use essa técnica e a lupa para pegar as 5 moedas vermelhas.
4_2_1	Cada vez que saltas desde estas plataformas, su número baja en uno. Cuando llega a 0, la plataforma desaparece.	Sempre que você pula destas plataformas, o número diminui em um. Quando chega a 0, a plataforma desaparece.
4_3_1	Esta es una roca Chomp. ¡Hazla rodar lo más lejos posible y mira qué pasa!	Esta é uma pedra Chomp. Faça-a rolar o mais longe possível e veja o que acontece!
4_5_1	Golpea esto con un huevo para convertirte en helicóptero. ¡Busca 5 monedas rojas!	Acerte isto com um ovo para virar helicóptero. Procure 5 moedas vermelhas!
5_1_1	Este nivel está helado. ¡Cuidado! Resbala y es difícil caminar. Come una sandía roja para lanzar fuego tres veces. Úsalo para derretir hielo o atacar enemigos.	Esta fase está congelada. Cuidado! É escorregadia e difícil de andar. Pegue uma melancia vermelha para soprar fogo três vezes. Use-o para derreter gelo ou atacar inimigos.
5_3_1	¡Este es un gran secreto! En la pantalla de niveles, mantén SELECT y pulsa L, L, B, A y R.	Este é um grande segredo! Na tela de fases, segure SELECT e aperte L, L, B, A e R.
5_4_1	No se lo digas a nadie, pero puedes llevarte las plataformas flecha para usarlas en otro lugar.	Não conte a ninguém, mas você pode levar as plataformas de seta para usar em outro lugar.
5_8_1	¡¡¡HUYE!!! ¡¡¡RÁPIDO!!!	FUJA!!! DEPRESSA!!!
1_4_Boss	¿Sigues del lado del bebé, pequeño Yoshi? ¡Entonces prueba ESTO!	Ainda está do lado do bebê, Yoshi? Então aguente ISTO!
1_8_Boss	¡Hola, lindo Yoshi! ¿Bebé Mario quiere ir al castillo de Bowser? ¡Yo lo llevo enseguida! Je, je, je...	Olá, lindo Yoshi! Bebê Mario quer ir ao castelo do Bowser? Eu o levo num instante! He, he, he...
2_4_Boss	Sí, tenemos al hermano de Bebé Mario en el castillo de Bowser. ¡Pero no se lo daremos a alguien como tú!	Sim, temos o irmão de Bebê Mario no castelo do Bowser. Mas não vamos entregá-lo a alguém como você!
2_8_Boss	Querido Yoshi, ¡ese bebé será un desastre para los Koopas! Entrégamelo antes de que te lastimes por accidente.	Querido Yoshi, esse bebê será um desastre para os Koopas! Entregue-o antes que você se machuque por acidente.
3_4_Boss	¡Muy bien, Yoshi! ¡Ahora serás el almuerzo del príncipe Froggy! ¡Je, je, je!	Muito bem, Yoshi! Agora você será o almoço do príncipe Froggy! He, he, he!
3_8_Boss	¡Ríndete, Yoshi, loco lanzahuevos! Uy... ¡Olvida eso!	Desista, Yoshi, seu maluco lançador de ovos! Opa... Esqueça isso!
3_8_OHMY	¡¡¡AY, NO!!!	AI, NÃO!!!
4_4_Boss	¡Yoshi! Ay, no... ¡Milde te hará pedazos!	Yoshi! Ah, não... Milde vai fazer você em pedaços!
4_8_Boss	¡Pequeño Koopa, no me falles! ¡Ve y sacude el mundo de Yoshi!	Pequeno Koopa, não me decepcione! Vá e sacuda o mundo do Yoshi!
5_4_Boss	¡Aaaah! ¡Yoshi! Debes ser muy fuerte para llegar hasta aquí, pero... ¡Esta babosa no tiene puntos débiles!	Aaaah! Yoshi! Você deve ser muito forte para chegar até aqui, mas... Esta lesma não tem pontos fracos!
5_8_Boss	¡Jamás entrarás al Reino Koopa! Te destierro para que brilles eternamente en el cielo. ¡DESAPARECE!	Você jamais entrará no Reino Koopa! Vou banir você para brilhar eternamente no céu. DESAPAREÇA!
6_4_Boss	¡Aaah! ¿Cómo has...? ¡Tú! ¡Jamás creí que llegarías tan lejos! ¡Se acabó! ¡Tu aventura termina AQUÍ!	Aaah! Como você...? Você! Nunca pensei que chegaria tão longe! Acabou! Sua aventura termina AQUI!
6_8_PreBoss1	¡¡¡Bienvenido!!! Yoshi, sé tan amable de... ¡ENTREGARME AL BEBÉ!	Bem-vindo!!! Yoshi, tenha a gentileza de... ENTREGAR O BEBÊ!
6_8_PreBoss2	Ay, no... ¿Qué hago...? El joven amo Bowser está despertando...	Ah, não... O que fazer...? O jovem mestre Bowser está acordando...
6_8_PreBoss3	¡Kamek, hay mucho ruido! ¡Quiero mimir!	Kamek, tem muito barulho! Eu quero mimir!
6_8_PreBoss4	¿Eh? ¿Mmm? ¡¿Qué es ese burrito vede?! ¡Parece divetido! ¡Quiero subime! ¡¡MÍO!! ¡¡MÍO!!	Hã? Hmm? Que burrinho vede é esse?! Parece divetido! Eu quero montá! MEU!! MEU!!
6_8_KamekEnlarge	Yoshi, ¿cómo pudiste hacer esto? Joven amo, ¡déjeme ayudarlo! ¡Tome!	Yoshi, como pôde fazer isso? Jovem mestre, deixe-me ajudar! Aqui!
6_8_PostBoss	¡¿Cómo te atreves?! No es justo... ¡Eres muy malo! Algún día... ¡Volveremos! ¡Ya verás!	Como se atreve?! Não é justo... Você é muito malvado! Um dia... Voltaremos! Você vai ver!
