00	Esta es la historia|de Bebé Mario y Yoshi...	Esta é a história|de Bebê Mario e Yoshi...
01	Una historia que pasó|hace mucho tiempo.	Uma história que ocorreu|há muito tempo.
03	Una cigüeña cruza el|cielo antes del amanecer.	Uma cegonha cruza o céu|antes do amanhecer.
04	Lleva en su pico|a dos hermanitos.	Ela carrega no bico|dois irmãozinhos.
05	De pronto, una sombra|surge entre las nubes	De repente, uma sombra|surge entre as nuvens
06	y se lanza velozmente|hacia la cigüeña.	e avança rapidamente|em direção à cegonha.
08	¡¡¡CHIRRÍÍÍ!!!	CRIIIIII!!!
09	¡LOS BEBÉS SON MÍOS!	OS BEBÊS SÃO MEUS!
0B	¡¡¡AAAH!!!	AAAH!!!
0C	Solo atrapa a un bebé|y luego desaparece	Só pega um dos bebês|e logo desaparece
0D	entre las sombras|de donde había salido.	nas sombras|de onde havia saído.
0F	El otro bebé cae|sin que nadie lo note	O outro bebê cai|sem que ninguém perceba
10	hacia el mar...	em direção ao mar...
11	¡OH, NO...!	AH, NÃO...!
13	Mientras, en la isla,|hogar de los Yoshis,	Enquanto isso, na ilha,|lar de todos os Yoshis,
14	hace un lindo día y|Yoshi sale a pasear.	o dia está lindo e|Yoshi sai para passear.
15	¡¿EH?!	HÃ?!
16	De pronto, un bebé|cae sobre su espalda.	De repente, um bebê|cai nas costas dele.
17	Por suerte, el bebé|parece estar muy bien.	Por sorte, o bebê|parece estar muito bem.
18	¿Eh? Algo más cayó|junto con el bebé...	Hã? Algo mais caiu|junto com o bebê...
19	Vamos a mirar...	Vamos dar uma olhada...
1B	Parece un mapa. ¿Lo|usaría la cigüeña...?	Parece um mapa. Será|que a cegonha o usava?
1C	Yoshi no comprende|esta extraña situación.	Yoshi não entende|essa situação estranha.
1D	Decide ir a hablar|con sus amigos...	Ele decide conversar|com seus amigos...
1F	¡¡¡AAAAAAH!!!	AAAAAAH!!!
20	Kamek, el malvado mago|que secuestró al bebé,	Kamek, o mago malvado|que sequestrou o bebê,
21	envía enseguida a su|banda de secuaces	envia depressa seu|bando de capangas
22	al descubrir que no|atrapó al otro bebé.	ao descobrir que não|pegou o outro bebê.
24	Yoshi regresa tranquilo|junto a los demás Yoshis,	Yoshi volta tranquilo|para os outros Yoshis,
25	sin saber del peligro|que se acerca.	sem saber do perigo|que se aproxima.
26	Los secuaces de Kamek|registran toda la isla.	Os capangas de Kamek|vasculham toda a ilha.
28	¿Llegarán los hermanos|a salvo con sus padres?	Será que os irmãos vão|chegar bem aos pais?
